CREATE TABLE IF NOT EXISTS roles (
    id UUID PRIMARY KEY,
    name VARCHAR(50) NOT NULL UNIQUE,
    description VARCHAR(255) NOT NULL DEFAULT '',
    is_system BOOLEAN NOT NULL DEFAULT false,
    created_at TIMESTAMPTZ NOT NULL DEFAULT NOW(),
    updated_at TIMESTAMPTZ NOT NULL DEFAULT NOW()
);

CREATE TABLE IF NOT EXISTS permissions (
    id UUID PRIMARY KEY,
    name VARCHAR(100) NOT NULL UNIQUE,
    description VARCHAR(255) NOT NULL DEFAULT '',
    created_at TIMESTAMPTZ NOT NULL DEFAULT NOW()
);

CREATE TABLE IF NOT EXISTS role_permissions (
    role_id UUID NOT NULL REFERENCES roles(id) ON DELETE CASCADE,
    permission_id UUID NOT NULL REFERENCES permissions(id) ON DELETE CASCADE,
    PRIMARY KEY (role_id, permission_id)
);

CREATE TABLE IF NOT EXISTS role_assignments (
    id UUID PRIMARY KEY,
    role_id UUID NOT NULL REFERENCES roles(id) ON DELETE CASCADE,
    user_id UUID NOT NULL REFERENCES users(id) ON DELETE CASCADE,
    scope_type VARCHAR(50) NOT NULL DEFAULT 'organization',
    scope_id UUID NOT NULL,
    created_at TIMESTAMPTZ NOT NULL DEFAULT NOW(),
    UNIQUE (role_id, user_id, scope_type, scope_id)
);

CREATE INDEX idx_role_assignments_user ON role_assignments(user_id);
CREATE INDEX idx_role_assignments_scope ON role_assignments(scope_type, scope_id);

INSERT INTO roles (id, name, description, is_system) VALUES
    ('00000000-0000-0000-0000-000000000001', 'owner', 'Full access to all resources in scope', true),
    ('00000000-0000-0000-0000-000000000002', 'admin', 'Manage projects, members, and settings', true),
    ('00000000-0000-0000-0000-000000000003', 'qa_engineer', 'Create and execute tests, report defects', true),
    ('00000000-0000-0000-0000-000000000004', 'viewer', 'Read-only access', true)
ON CONFLICT (name) DO NOTHING;

INSERT INTO permissions (id, name, description) VALUES
    ('00000000-0000-0000-0000-000000000101', 'projects:create', 'Create projects'),
    ('00000000-0000-0000-0000-000000000102', 'projects:read', 'View projects'),
    ('00000000-0000-0000-0000-000000000103', 'projects:update', 'Update projects'),
    ('00000000-0000-0000-0000-000000000104', 'projects:delete', 'Delete projects'),
    ('00000000-0000-0000-0000-000000000201', 'testcases:create', 'Create test cases'),
    ('00000000-0000-0000-0000-000000000202', 'testcases:read', 'View test cases'),
    ('00000000-0000-0000-0000-000000000203', 'testcases:update', 'Update test cases'),
    ('00000000-0000-0000-0000-000000000204', 'testcases:delete', 'Delete test cases'),
    ('00000000-0000-0000-0000-000000000301', 'runs:create', 'Create test runs'),
    ('00000000-0000-0000-0000-000000000302', 'runs:read', 'View test runs'),
    ('00000000-0000-0000-0000-000000000303', 'runs:execute', 'Execute test runs'),
    ('00000000-0000-0000-0000-000000000401', 'defects:create', 'Create defects'),
    ('00000000-0000-0000-0000-000000000402', 'defects:read', 'View defects'),
    ('00000000-0000-0000-0000-000000000403', 'defects:update', 'Update defects'),
    ('00000000-0000-0000-0000-000000000404', 'defects:delete', 'Delete defects'),
    ('00000000-0000-0000-0000-000000000501', 'results:write', 'Ingest test results via CI'),
    ('00000000-0000-0000-0000-000000000502', 'results:read', 'View test results'),
    ('00000000-0000-0000-0000-000000000601', 'settings:read', 'View workspace settings'),
    ('00000000-0000-0000-0000-000000000602', 'settings:update', 'Update workspace settings'),
    ('00000000-0000-0000-0000-000000000701', 'members:read', 'View workspace members'),
    ('00000000-0000-0000-0000-000000000702', 'members:manage', 'Invite and manage members')
ON CONFLICT (name) DO NOTHING;

INSERT INTO role_permissions (role_id, permission_id) VALUES
    ('00000000-0000-0000-0000-000000000001', '00000000-0000-0000-0000-000000000101'),
    ('00000000-0000-0000-0000-000000000001', '00000000-0000-0000-0000-000000000102'),
    ('00000000-0000-0000-0000-000000000001', '00000000-0000-0000-0000-000000000103'),
    ('00000000-0000-0000-0000-000000000001', '00000000-0000-0000-0000-000000000104'),
    ('00000000-0000-0000-0000-000000000001', '00000000-0000-0000-0000-000000000201'),
    ('00000000-0000-0000-0000-000000000001', '00000000-0000-0000-0000-000000000202'),
    ('00000000-0000-0000-0000-000000000001', '00000000-0000-0000-0000-000000000203'),
    ('00000000-0000-0000-0000-000000000001', '00000000-0000-0000-0000-000000000204'),
    ('00000000-0000-0000-0000-000000000001', '00000000-0000-0000-0000-000000000301'),
    ('00000000-0000-0000-0000-000000000001', '00000000-0000-0000-0000-000000000302'),
    ('00000000-0000-0000-0000-000000000001', '00000000-0000-0000-0000-000000000303'),
    ('00000000-0000-0000-0000-000000000001', '00000000-0000-0000-0000-000000000401'),
    ('00000000-0000-0000-0000-000000000001', '00000000-0000-0000-0000-000000000402'),
    ('00000000-0000-0000-0000-000000000001', '00000000-0000-0000-0000-000000000403'),
    ('00000000-0000-0000-0000-000000000001', '00000000-0000-0000-0000-000000000404'),
    ('00000000-0000-0000-0000-000000000001', '00000000-0000-0000-0000-000000000501'),
    ('00000000-0000-0000-0000-000000000001', '00000000-0000-0000-0000-000000000502'),
    ('00000000-0000-0000-0000-000000000001', '00000000-0000-0000-0000-000000000601'),
    ('00000000-0000-0000-0000-000000000001', '00000000-0000-0000-0000-000000000602'),
    ('00000000-0000-0000-0000-000000000001', '00000000-0000-0000-0000-000000000701'),
    ('00000000-0000-0000-0000-000000000001', '00000000-0000-0000-0000-000000000702')
ON CONFLICT DO NOTHING;

INSERT INTO role_permissions (role_id, permission_id) VALUES
    ('00000000-0000-0000-0000-000000000002', '00000000-0000-0000-0000-000000000101'),
    ('00000000-0000-0000-0000-000000000002', '00000000-0000-0000-0000-000000000102'),
    ('00000000-0000-0000-0000-000000000002', '00000000-0000-0000-0000-000000000103'),
    ('00000000-0000-0000-0000-000000000002', '00000000-0000-0000-0000-000000000201'),
    ('00000000-0000-0000-0000-000000000002', '00000000-0000-0000-0000-000000000202'),
    ('00000000-0000-0000-0000-000000000002', '00000000-0000-0000-0000-000000000203'),
    ('00000000-0000-0000-0000-000000000002', '00000000-0000-0000-0000-000000000301'),
    ('00000000-0000-0000-0000-000000000002', '00000000-0000-0000-0000-000000000302'),
    ('00000000-0000-0000-0000-000000000002', '00000000-0000-0000-0000-000000000303'),
    ('00000000-0000-0000-0000-000000000002', '00000000-0000-0000-0000-000000000401'),
    ('00000000-0000-0000-0000-000000000002', '00000000-0000-0000-0000-000000000402'),
    ('00000000-0000-0000-0000-000000000002', '00000000-0000-0000-0000-000000000403'),
    ('00000000-0000-0000-0000-000000000002', '00000000-0000-0000-0000-000000000502'),
    ('00000000-0000-0000-0000-000000000002', '00000000-0000-0000-0000-000000000601'),
    ('00000000-0000-0000-0000-000000000002', '00000000-0000-0000-0000-000000000602'),
    ('00000000-0000-0000-0000-000000000002', '00000000-0000-0000-0000-000000000701'),
    ('00000000-0000-0000-0000-000000000002', '00000000-0000-0000-0000-000000000702')
ON CONFLICT DO NOTHING;

INSERT INTO role_permissions (role_id, permission_id) VALUES
    ('00000000-0000-0000-0000-000000000003', '00000000-0000-0000-0000-000000000102'),
    ('00000000-0000-0000-0000-000000000003', '00000000-0000-0000-0000-000000000201'),
    ('00000000-0000-0000-0000-000000000003', '00000000-0000-0000-0000-000000000202'),
    ('00000000-0000-0000-0000-000000000003', '00000000-0000-0000-0000-000000000203'),
    ('00000000-0000-0000-0000-000000000003', '00000000-0000-0000-0000-000000000301'),
    ('00000000-0000-0000-0000-000000000003', '00000000-0000-0000-0000-000000000302'),
    ('00000000-0000-0000-0000-000000000003', '00000000-0000-0000-0000-000000000303'),
    ('00000000-0000-0000-0000-000000000003', '00000000-0000-0000-0000-000000000401'),
    ('00000000-0000-0000-0000-000000000003', '00000000-0000-0000-0000-000000000402'),
    ('00000000-0000-0000-0000-000000000003', '00000000-0000-0000-0000-000000000403'),
    ('00000000-0000-0000-0000-000000000003', '00000000-0000-0000-0000-000000000502'),
    ('00000000-0000-0000-0000-000000000003', '00000000-0000-0000-0000-000000000601')
ON CONFLICT DO NOTHING;

INSERT INTO role_permissions (role_id, permission_id) VALUES
    ('00000000-0000-0000-0000-000000000004', '00000000-0000-0000-0000-000000000102'),
    ('00000000-0000-0000-0000-000000000004', '00000000-0000-0000-0000-000000000202'),
    ('00000000-0000-0000-0000-000000000004', '00000000-0000-0000-0000-000000000302'),
    ('00000000-0000-0000-0000-000000000004', '00000000-0000-0000-0000-000000000402'),
    ('00000000-0000-0000-0000-000000000004', '00000000-0000-0000-0000-000000000502'),
    ('00000000-0000-0000-0000-000000000004', '00000000-0000-0000-0000-000000000601')
ON CONFLICT DO NOTHING;
